{"cameraMode":{"drawMode":0,"name":"Shaded","section":"Shading Mode"},"sceneLighting":true,"audioPlay":false,"sceneViewState":{"m_AlwaysRefresh":false,"showFog":true,"showSkybox":true,"showFlares":true,"showImageEffects":true,"showParticleSystems":true,"showVisualEffectGraphs":true,"m_FxEnabled":true},"in2DMode":false,"pivot":{"x":2.0404887199401857,"y":7.714141845703125,"z":17.91332244873047},"rotation":{"x":0.004183314274996519,"y":-0.05786895006895065,"z":-0.00024285796098411083,"w":-0.9982997179031372},"size":18.36989402770996,"orthographic":false}