{"cameraMode":{"drawMode":0,"name":"Shaded","section":"Shading Mode"},"sceneLighting":false,"audioPlay":false,"sceneViewState":{"m_AlwaysRefresh":false,"showFog":true,"showSkybox":false,"showFlares":true,"showImageEffects":true,"showParticleSystems":true,"showVisualEffectGraphs":true,"m_FxEnabled":true},"in2DMode":false,"pivot":{"x":9.983799934387207,"y":1.1478043794631959,"z":0.5222963094711304},"rotation":{"x":0.12029099464416504,"y":-0.8732855319976807,"z":0.2724345922470093,"w":0.38558951020240786},"size":0.9482558369636536,"orthographic":false}