{"cameraMode":{"drawMode":0,"name":"Shaded","section":"Shading Mode"},"sceneLighting":true,"audioPlay":false,"sceneViewState":{"m_AlwaysRefresh":false,"showFog":true,"showSkybox":true,"showFlares":true,"showImageEffects":true,"showParticleSystems":true,"showVisualEffectGraphs":true,"m_FxEnabled":true},"in2DMode":false,"pivot":{"x":0.35256242752075198,"y":2.0756590366363527,"z":-1.0841044187545777},"rotation":{"x":-0.08954524993896485,"y":0.8497884273529053,"z":-0.15331889688968659,"w":-0.4963120222091675},"size":6.174514293670654,"orthographic":false}